Date	Precipitation total [mm]	Tritium [pCi/L]	Tritium +-	Sodium-22 [mBq/m3]	Sodium-22 +-	Sulfur-35 [mBq/L]	Sulfur-35 +-
10/1/2014	56.0	12.4	0.6			3.0	0.4
10/2/2014	56.0	12.4	0.6			3.0	0.4
10/3/2014	56.0	12.4	0.6			3.0	0.4
10/4/2014	56.0	12.4	0.6			3.0	0.4
10/5/2014	56.0	12.4	0.6			3.0	0.4
10/6/2014	56.0	12.4	0.6			3.0	0.4
10/7/2014	56.0	12.4	0.6			3.0	0.4
10/8/2014	56.0	12.4	0.6			3.0	0.4
10/9/2014	56.0	12.4	0.6			3.0	0.4
10/10/2014	56.0	12.4	0.6			3.0	0.4
10/11/2014	56.0	12.4	0.6			3.0	0.4
10/12/2014	56.0	12.4	0.6			3.0	0.4
10/13/2014	56.0	12.4	0.6			3.0	0.4
10/14/2014	56.0	12.4	0.6			3.0	0.4
10/15/2014	56.0	12.4	0.6			3.0	0.4
10/16/2014	56.0	12.4	0.6			3.0	0.4
10/17/2014	56.0	12.4	0.6			3.0	0.4
10/18/2014	56.0	12.4	0.6			3.0	0.4
10/19/2014	56.0	12.4	0.6			3.0	0.4
10/20/2014	56.0	12.4	0.6			3.0	0.4
10/21/2014	56.0	12.4	0.6			3.0	0.4
10/22/2014	56.0	12.4	0.6			3.0	0.4
10/23/2014	56.0	12.4	0.6			3.0	0.4
10/24/2014	56.0	12.4	0.6			3.0	0.4
10/25/2014	56.0	12.4	0.6			3.0	0.4
10/26/2014	56.0	12.4	0.6			3.0	0.4
10/27/2014	56.0	12.4	0.6			3.0	0.4
10/28/2014	56.0	12.4	0.6			3.0	0.4
10/29/2014	56.0	12.4	0.6			3.0	0.4
10/30/2014	56.0	12.4	0.6			3.0	0.4
10/31/2014	56.0	12.4	0.6			3.0	0.4
11/1/2014	56.0	12.4	0.6			3.0	0.4
11/2/2014	56.0	12.4	0.6			3.0	0.4
11/3/2014	56.0	12.4	0.6			3.0	0.4
11/4/2014	56.0	12.4	0.6			3.0	0.4
11/5/2014	56.0	12.4	0.6			3.0	0.4
11/6/2014	56.0	12.4	0.6			3.0	0.4
11/7/2014	56.0	12.4	0.6			3.0	0.4
11/8/2014	56.0	12.4	0.6			3.0	0.4
11/9/2014	56.0	12.4	0.6			3.0	0.4
11/10/2014	56.0	12.4	0.6			3.0	0.4
11/11/2014	56.0	12.4	0.6			3.0	0.4
11/12/2014	204.0	14.2	0.6			5.6	0.5
11/13/2014	204.0	14.2	0.6			5.6	0.5
11/14/2014	204.0	14.2	0.6			5.6	0.5
11/15/2014	204.0	14.2	0.6			5.6	0.5
11/16/2014	204.0	14.2	0.6			5.6	0.5
11/17/2014	204.0	14.2	0.6			5.6	0.5
11/18/2014	204.0	14.2	0.6			5.6	0.5
11/19/2014	204.0	14.2	0.6			5.6	0.5
11/20/2014	204.0	14.2	0.6			5.6	0.5
11/21/2014	204.0	14.2	0.6			5.6	0.5
11/22/2014	204.0	14.2	0.6			5.6	0.5
11/23/2014	204.0	14.2	0.6			5.6	0.5
11/24/2014	204.0	14.2	0.6			5.6	0.5
11/25/2014	204.0	14.2	0.6			5.6	0.5
11/26/2014	204.0	14.2	0.6			5.6	0.5
11/27/2014	204.0	14.2	0.6			5.6	0.5
11/28/2014	204.0	14.2	0.6			5.6	0.5
11/29/2014	204.0	14.2	0.6			5.6	0.5
11/30/2014	204.0	14.2	0.6			5.6	0.5
12/1/2014	204.0	14.2	0.6			5.6	0.5
12/2/2014	204.0	14.2	0.6			5.6	0.5
12/3/2014	204.0	14.2	0.6			5.6	0.5
12/4/2014	204.0	14.2	0.6			5.6	0.5
12/5/2014	204.0	14.2	0.6			5.6	0.5
12/6/2014	204.0	14.2	0.6			5.6	0.5
12/7/2014	204.0	14.2	0.6			5.6	0.5
12/8/2014	204.0	14.2	0.6			5.6	0.5
12/9/2014	204.0	14.2	0.6			5.6	0.5
12/10/2014	204.0	14.2	0.6			5.6	0.5
12/11/2014	204.0	14.2	0.6			5.6	0.5
12/12/2014	204.0	14.2	0.6			5.6	0.5
12/13/2014	204.0	14.2	0.6			5.6	0.5
12/14/2014	204.0	14.2	0.6			5.6	0.5
12/15/2014	204.0	14.2	0.6			5.6	0.5
12/16/2014	204.0	14.2	0.6			5.6	0.5
12/17/2014	204.0	14.2	0.6			5.6	0.5
12/18/2014	204.0	14.2	0.6			5.6	0.5
12/19/2014	204.0	14.2	0.6			5.6	0.5
12/20/2014	204.0	14.2	0.6			5.6	0.5
12/21/2014	204.0	14.2	0.6			5.6	0.5
12/22/2014	204.0	14.2	0.6			5.6	0.5
12/23/2014	204.0	14.2	0.6			5.6	0.5
12/24/2014	204.0	14.2	0.6			5.6	0.5
12/25/2014	204.0	14.2	0.6			5.6	0.5
12/26/2014	204.0	14.2	0.6			5.6	0.5
12/27/2014	204.0	14.2	0.6			5.6	0.5
12/28/2014	204.0	14.2	0.6			5.6	0.5
12/29/2014	204.0	14.2	0.6			5.6	0.5
12/30/2014	204.0	14.2	0.6			5.6	0.5
12/31/2014	204.0	14.2	0.6			5.6	0.5
1/1/2015	204.0	14.2	0.6			5.6	0.5
1/2/2015	204.0	14.2	0.6			5.6	0.5
1/3/2015	204.0	14.2	0.6			5.6	0.5
1/4/2015	204.0	14.2	0.6			5.6	0.5
1/5/2015	204.0	14.2	0.6			5.6	0.5
1/6/2015	204.0	14.2	0.6			5.6	0.5
1/7/2015	204.0	14.2	0.6			5.6	0.5
1/8/2015	204.0	14.2	0.6			5.6	0.5
1/9/2015	204.0	14.2	0.6			5.6	0.5
1/10/2015	204.0	14.2	0.6			5.6	0.5
1/11/2015	204.0	14.2	0.6			5.6	0.5
1/12/2015	204.0	14.2	0.6			5.6	0.5
1/13/2015	204.0	14.2	0.6			5.6	0.5
1/14/2015	204.0	14.2	0.6			5.6	0.5
1/15/2015	204.0	14.2	0.6			5.6	0.5
1/16/2015	204.0	14.2	0.6			5.6	0.5
1/17/2015	204.0	14.2	0.6			5.6	0.5
1/18/2015	204.0	14.2	0.6			5.6	0.5
1/19/2015	204.0	14.2	0.6			5.6	0.5
1/20/2015	204.0	14.2	0.6			5.6	0.5
1/21/2015	204.0	14.2	0.6			5.6	0.5
1/22/2015	204.0	14.2	0.6			5.6	0.5
1/23/2015	204.0	14.2	0.6			5.6	0.5
1/24/2015	204.0	14.2	0.6			5.6	0.5
1/25/2015	204.0	14.2	0.6			5.6	0.5
1/26/2015	204.0	14.2	0.6			5.6	0.5
1/27/2015	204.0	14.2	0.6			5.6	0.5
1/28/2015	204.0	14.2	0.6			5.6	0.5
1/29/2015	204.0	14.2	0.6			5.6	0.5
1/30/2015	204.0	14.2	0.6			5.6	0.5
1/31/2015	204.0	14.2	0.6			5.6	0.5
2/1/2015	204.0	14.2	0.6			5.6	0.5
2/2/2015	204.0	14.2	0.6			5.6	0.5
2/3/2015	204.0	14.2	0.6			5.6	0.5
2/4/2015	137.0	14.4	0.6			24.1	0.9
2/5/2015	137.0	14.4	0.6			24.1	0.9
2/6/2015	137.0	14.4	0.6			24.1	0.9
2/7/2015	137.0	14.4	0.6			24.1	0.9
2/8/2015	137.0	14.4	0.6			24.1	0.9
2/9/2015	137.0	14.4	0.6			24.1	0.9
2/10/2015	137.0	14.4	0.6			24.1	0.9
2/11/2015	137.0	14.4	0.6			24.1	0.9
2/12/2015	137.0	14.4	0.6			24.1	0.9
2/13/2015	137.0	14.4	0.6			24.1	0.9
2/14/2015	137.0	14.4	0.6			24.1	0.9
2/15/2015	137.0	14.4	0.6			24.1	0.9
2/16/2015	137.0	14.4	0.6			24.1	0.9
2/17/2015	137.0	14.4	0.6			24.1	0.9
2/18/2015	137.0	14.4	0.6			24.1	0.9
2/19/2015	137.0	14.4	0.6			24.1	0.9
2/20/2015	137.0	14.4	0.6			24.1	0.9
2/21/2015	137.0	14.4	0.6			24.1	0.9
2/22/2015	137.0	14.4	0.6			24.1	0.9
2/23/2015	137.0	14.4	0.6			24.1	0.9
2/24/2015	137.0	14.4	0.6			24.1	0.9
2/25/2015	137.0	14.4	0.6			24.1	0.9
2/26/2015	137.0	14.4	0.6			24.1	0.9
2/27/2015	137.0	14.4	0.6			24.1	0.9
2/28/2015	137.0	14.4	0.6			24.1	0.9
3/1/2015	137.0	14.4	0.6			24.1	0.9
3/2/2015	137.0	14.4	0.6			24.1	0.9
3/3/2015	137.0	14.4	0.6			24.1	0.9
3/4/2015	137.0	14.4	0.6			24.1	0.9
3/5/2015	137.0	14.4	0.6			24.1	0.9
3/6/2015	137.0	11.4	0.5	141.0	34.8	33.3	0.8
3/7/2015	137.0	11.4	0.5	141.0	34.8	33.3	0.8
3/8/2015	137.0	11.4	0.5	141.0	34.8	33.3	0.8
3/9/2015	137.0	11.4	0.5	141.0	34.8	33.3	0.8
3/10/2015	137.0	11.4	0.5	141.0	34.8	33.3	0.8
3/11/2015	137.0	11.4	0.5	141.0	34.8	33.3	0.8
3/12/2015	137.0	11.4	0.5	141.0	34.8	33.3	0.8
3/13/2015	137.0	11.4	0.5	141.0	34.8	33.3	0.8
3/14/2015	137.0	11.4	0.5	141.0	34.8	33.3	0.8
3/15/2015	137.0	11.4	0.5	141.0	34.8	33.3	0.8
3/16/2015	137.0	11.4	0.5	141.0	34.8	33.3	0.8
3/17/2015	137.0	11.4	0.5	141.0	34.8	33.3	0.8
3/18/2015	137.0	11.4	0.5	141.0	34.8	33.3	0.8
3/19/2015	137.0	11.4	0.5	141.0	34.8	33.3	0.8
3/20/2015	137.0	11.4	0.5	141.0	34.8	33.3	0.8
3/21/2015	137.0	11.4	0.5	141.0	34.8	33.3	0.8
3/22/2015	137.0	11.4	0.5	141.0	34.8	33.3	0.8
3/23/2015	137.0	11.4	0.5	141.0	34.8	33.3	0.8
3/24/2015	137.0	11.4	0.5	141.0	34.8	33.3	0.8
3/25/2015	137.0	11.4	0.5	141.0	34.8	33.3	0.8
3/26/2015	137.0	11.4	0.5	141.0	34.8	33.3	0.8
3/27/2015	137.0	11.4	0.5	141.0	34.8	33.3	0.8
3/28/2015	137.0	11.4	0.5	141.0	34.8	33.3	0.8
3/29/2015	137.0	11.4	0.5	141.0	34.8	33.3	0.8
3/30/2015	137.0	11.4	0.5	141.0	34.8	33.3	0.8
3/31/2015	137.0	11.4	0.5	141.0	34.8	33.3	0.8
4/1/2015	137.0	11.4	0.5	141.0	34.8	33.3	0.8
4/2/2015	72.0	23.6	1.0			103.1	1.1
4/3/2015	72.0	23.6	1.0			103.1	1.1
4/4/2015	72.0	23.6	1.0			103.1	1.1
4/5/2015	72.0	23.6	1.0			103.1	1.1
4/6/2015	72.0	23.6	1.0			103.1	1.1
4/7/2015	72.0	23.6	1.0			103.1	1.1
4/8/2015	72.0	23.6	1.0			103.1	1.1
4/9/2015	72.0	23.6	1.0			103.1	1.1
4/10/2015	72.0	23.6	1.0			103.1	1.1
4/11/2015	72.0	23.6	1.0			103.1	1.1
4/12/2015	72.0	23.6	1.0			103.1	1.1
4/13/2015	72.0	23.6	1.0			103.1	1.1
4/14/2015	72.0	23.6	1.0			103.1	1.1
4/15/2015	72.0	23.6	1.0			103.1	1.1
4/16/2015	72.0	23.6	1.0			103.1	1.1
4/17/2015	72.0	23.6	1.0			103.1	1.1
4/18/2015	72.0	23.6	1.0			103.1	1.1
4/19/2015	72.0	23.6	1.0			103.1	1.1
4/20/2015	72.0	23.6	1.0			103.1	1.1
4/21/2015	72.0	23.6	1.0			103.1	1.1
4/22/2015	72.0	23.6	1.0			103.1	1.1
4/23/2015	72.0	23.6	1.0			103.1	1.1
4/24/2015	72.0	23.6	1.0			103.1	1.1
4/25/2015	72.0	23.6	1.0			103.1	1.1
4/26/2015	72.0	23.6	1.0			103.1	1.1
4/27/2015	72.0	23.6	1.0			103.1	1.1
4/28/2015	72.0	23.6	1.0			103.1	1.1
4/29/2015	72.0	23.6	1.0			103.1	1.1
4/30/2015	72.0	23.6	1.0			103.1	1.1
5/1/2015	72.0	23.6	1.0			103.1	1.1
5/2/2015	72.0	23.6	1.0			103.1	1.1
5/3/2015	72.0	23.6	1.0			103.1	1.1
5/4/2015	72.0	23.6	1.0			103.1	1.1
5/5/2015	72.0	23.6	1.0			103.1	1.1
5/6/2015	72.0	23.6	1.0			103.1	1.1
5/7/2015	72.0	23.6	1.0			103.1	1.1
5/8/2015	44.0	35.0	1.5				
5/9/2015	44.0	35.0	1.5				
5/10/2015	44.0	35.0	1.5				
5/11/2015	44.0	35.0	1.5				
5/12/2015	44.0	35.0	1.5				
5/13/2015	44.0	35.0	1.5				
5/14/2015	44.0	35.0	1.5				
5/15/2015	44.0	35.0	1.5				
5/16/2015	44.0	35.0	1.5				
5/17/2015	44.0	35.0	1.5				
5/18/2015	44.0	35.0	1.5				
5/19/2015	44.0	35.0	1.5				
5/20/2015	44.0	35.0	1.5				
5/21/2015	44.0	35.0	1.5				
5/22/2015	44.0	35.0	1.5				
5/23/2015	44.0	35.0	1.5				
5/24/2015	44.0	35.0	1.5				
5/25/2015	44.0	35.0	1.5				
5/26/2015	44.0	35.0	1.5				
5/27/2015	44.0	35.0	1.5				
5/28/2015	44.0	35.0	1.5				
5/29/2015	44.0	35.0	1.5				
5/30/2015	44.0	35.0	1.5				
5/31/2015	44.0	35.0	1.5				
6/1/2015	44.0	35.0	1.5				
6/2/2015	44.0	35.0	1.5				
6/3/2015	44.0	35.0	1.5				
6/4/2015	44.0	35.0	1.5				
6/5/2015	44.0	35.0	1.5				
6/6/2015	44.0	35.0	1.5				
6/7/2015	44.0	35.0	1.5				
6/8/2015	44.0	35.0	1.5				
6/9/2015	44.0	35.0	1.5				
6/10/2015	44.0	35.0	1.5				
6/11/2015	44.0	35.0	1.5				
6/12/2015	44.0	35.0	1.5				
6/13/2015	44.0	35.0	1.5				
6/14/2015	44.0	35.0	1.5				
6/15/2015	44.0	35.0	1.5				
6/16/2015	44.0	35.0	1.5				
6/17/2015							
6/18/2015							
6/19/2015							
6/20/2015							
6/21/2015							
6/22/2015							
6/23/2015							
6/24/2015							
6/25/2015							
6/26/2015							
6/27/2015							
6/28/2015							
6/29/2015							
6/30/2015							
7/1/2015							
7/2/2015							
7/3/2015							
7/4/2015							
7/5/2015							
7/6/2015							
7/7/2015							
7/8/2015							
7/9/2015							
7/10/2015							
7/11/2015							
7/12/2015							
7/13/2015							
7/14/2015							
7/15/2015							
7/16/2015							
7/17/2015							
7/18/2015							
7/19/2015							
7/20/2015							
7/21/2015							
7/22/2015							
7/23/2015							
7/24/2015							
7/25/2015							
7/26/2015							
7/27/2015							
7/28/2015							
7/29/2015							
7/30/2015							
7/31/2015							
8/1/2015							
8/2/2015							
8/3/2015							
8/4/2015							
8/5/2015							
8/6/2015							
8/7/2015							
8/8/2015							
8/9/2015							
8/10/2015							
8/11/2015							
8/12/2015							
8/13/2015							
8/14/2015							
8/15/2015							
8/16/2015							
8/17/2015							
8/18/2015							
8/19/2015							
8/20/2015							
8/21/2015							
8/22/2015							
8/23/2015							
8/24/2015							
8/25/2015							
8/26/2015							
8/27/2015							
8/28/2015							
8/29/2015							
8/30/2015							
8/31/2015							
9/1/2015							
9/2/2015							
9/3/2015							
9/4/2015							
9/5/2015							
9/6/2015							
9/7/2015							
9/8/2015							
9/9/2015							
9/10/2015							
9/11/2015							
9/12/2015							
9/13/2015							
9/14/2015							
9/15/2015							
9/16/2015							
9/17/2015							
9/18/2015							
9/19/2015							
9/20/2015							
9/21/2015							
9/22/2015							
9/23/2015							
9/24/2015							
9/25/2015							
9/26/2015							
9/27/2015							
9/28/2015							
9/29/2015							
9/30/2015							
10/1/2015	17.0	17.5	0.7				
10/2/2015	17.0	17.5	0.7				
10/3/2015	17.0	17.5	0.7				
10/4/2015	17.0	17.5	0.7				
10/5/2015	17.0	17.5	0.7				
10/6/2015	17.0	17.5	0.7				
10/7/2015	17.0	17.5	0.7				
10/8/2015	17.0	17.5	0.7				
10/9/2015	17.0	17.5	0.7				
10/10/2015	17.0	17.5	0.7				
10/11/2015	17.0	17.5	0.7				
10/12/2015	17.0	17.5	0.7				
10/13/2015	17.0	17.5	0.7				
10/14/2015	17.0	17.5	0.7				
10/15/2015	17.0	17.5	0.7				
10/16/2015	17.0	17.5	0.7				
10/17/2015	17.0	17.5	0.7				
10/18/2015	17.0	17.5	0.7				
10/19/2015	17.0	17.5	0.7				
10/20/2015	17.0	17.5	0.7				
10/21/2015	68.0	11.8	0.7			17.2	0.4
10/22/2015	68.0	11.8	0.7			17.2	0.4
10/23/2015	68.0	11.8	0.7			17.2	0.4
10/24/2015	68.0	11.8	0.7			17.2	0.4
10/25/2015	68.0	11.8	0.7			17.2	0.4
10/26/2015	68.0	11.8	0.7			17.2	0.4
10/27/2015	68.0	11.8	0.7			17.2	0.4
10/28/2015	68.0	11.8	0.7			17.2	0.4
10/29/2015	68.0	11.8	0.7			17.2	0.4
10/30/2015	68.0	11.8	0.7			17.2	0.4
10/31/2015	68.0	11.8	0.7			17.2	0.4
11/1/2015	68.0	11.8	0.7			17.2	0.4
11/2/2015	68.0	11.8	0.7			17.2	0.4
11/3/2015	68.0	11.8	0.7			17.2	0.4
11/4/2015	68.0	11.8	0.7			17.2	0.4
11/5/2015	100.0	31.5	1.2			22.2	0.6
11/6/2015	100.0	31.5	1.2			22.2	0.6
11/7/2015	100.0	31.5	1.2			22.2	0.6
11/8/2015	100.0	31.5	1.2			22.2	0.6
11/9/2015	100.0	31.5	1.2			22.2	0.6
11/10/2015	100.0	31.5	1.2			22.2	0.6
11/11/2015	100.0	31.5	1.2			22.2	0.6
11/12/2015	100.0	31.5	1.2			22.2	0.6
11/13/2015	100.0	31.5	1.2			22.2	0.6
11/14/2015	100.0	31.5	1.2			22.2	0.6
11/15/2015	100.0	31.5	1.2			22.2	0.6
11/16/2015	100.0	31.5	1.2			22.2	0.6
11/17/2015	100.0	31.5	1.2			22.2	0.6
11/18/2015	100.0	31.5	1.2			22.2	0.6
11/19/2015	100.0	31.5	1.2			22.2	0.6
11/20/2015	100.0	31.5	1.2			22.2	0.6
11/21/2015	100.0	31.5	1.2			22.2	0.6
11/22/2015	100.0	31.5	1.2			22.2	0.6
11/23/2015	100.0	31.5	1.2			22.2	0.6
11/24/2015	100.0	31.5	1.2			22.2	0.6
11/25/2015	100.0	31.5	1.2			22.2	0.6
11/26/2015	100.0	31.5	1.2			22.2	0.6
11/27/2015	100.0	31.5	1.2			22.2	0.6
11/28/2015	100.0	31.5	1.2			22.2	0.6
11/29/2015	100.0	31.5	1.2			22.2	0.6
11/30/2015	100.0	31.5	1.2			22.2	0.6
12/1/2015	100.0	31.5	1.2			22.2	0.6
12/2/2015	100.0	31.5	1.2			22.2	0.6
12/3/2015	100.0	31.5	1.2			22.2	0.6
12/4/2015	188.0	7.8	0.4			12.3	0.7
12/5/2015	188.0	7.8	0.4			12.3	0.7
12/6/2015	188.0	7.8	0.4			12.3	0.7
12/7/2015	188.0	7.8	0.4			12.3	0.7
12/8/2015	188.0	7.8	0.4			12.3	0.7
12/9/2015	188.0	7.8	0.4			12.3	0.7
12/10/2015	188.0	7.8	0.4			12.3	0.7
12/11/2015	188.0	7.8	0.4			12.3	0.7
12/12/2015	188.0	7.8	0.4			12.3	0.7
12/13/2015	188.0	7.8	0.4			12.3	0.7
12/14/2015	188.0	7.8	0.4			12.3	0.7
12/15/2015	188.0	7.8	0.4			12.3	0.7
12/16/2015	188.0	7.8	0.4			12.3	0.7
12/17/2015	188.0	7.8	0.4			12.3	0.7
12/18/2015	188.0	7.8	0.4			12.3	0.7
12/19/2015	188.0	7.8	0.4			12.3	0.7
12/20/2015	188.0	7.8	0.4			12.3	0.7
12/21/2015	188.0	7.8	0.4			12.3	0.7
12/22/2015	188.0	7.8	0.4			12.3	0.7
12/23/2015	256.0	8.3	0.4	153.2	28.8	29.9	1.5
12/24/2015	256.0	8.3	0.4	153.2	28.8	29.9	1.5
12/25/2015	256.0	8.3	0.4	153.2	28.8	29.9	1.5
12/26/2015	256.0	8.3	0.4	153.2	28.8	29.9	1.5
12/27/2015	256.0	8.3	0.4	153.2	28.8	29.9	1.5
12/28/2015	256.0	8.3	0.4	153.2	28.8	29.9	1.5
12/29/2015	256.0	8.3	0.4	153.2	28.8	29.9	1.5
12/30/2015	256.0	8.3	0.4	153.2	28.8	29.9	1.5
12/31/2015	256.0	8.3	0.4	153.2	28.8	29.9	1.5
1/1/2016	256.0	8.3	0.4	153.2	28.8	29.9	1.5
1/2/2016	256.0	8.3	0.4	153.2	28.8	29.9	1.5
1/3/2016	256.0	8.3	0.4	153.2	28.8	29.9	1.5
1/4/2016	256.0	8.3	0.4	153.2	28.8	29.9	1.5
1/5/2016	256.0	8.3	0.4	153.2	28.8	29.9	1.5
1/6/2016	256.0	8.3	0.4	153.2	28.8	29.9	1.5
1/7/2016	256.0	8.3	0.4	153.2	28.8	29.9	1.5
1/8/2016	256.0	8.3	0.4	153.2	28.8	29.9	1.5
1/9/2016	256.0	8.3	0.4	153.2	28.8	29.9	1.5
1/10/2016	256.0	8.3	0.4	153.2	28.8	29.9	1.5
1/11/2016	256.0	8.3	0.4	153.2	28.8	29.9	1.5
1/12/2016	308.0	9.2	0.4	153.2	28.8	10.6	0.4
1/13/2016	308.0	9.2	0.4	153.2	28.8	10.6	0.4
1/14/2016	308.0	9.2	0.4	153.2	28.8	10.6	0.4
1/15/2016	308.0	9.2	0.4	153.2	28.8	10.6	0.4
1/16/2016	308.0	9.2	0.4	153.2	28.8	10.6	0.4
1/17/2016	308.0	9.2	0.4	153.2	28.8	10.6	0.4
1/18/2016	308.0	9.2	0.4	153.2	28.8	10.6	0.4
1/19/2016	308.0	9.2	0.4	153.2	28.8	10.6	0.4
1/20/2016	308.0	9.2	0.4	153.2	28.8	10.6	0.4
1/21/2016	308.0	9.2	0.4	153.2	28.8	10.6	0.4
1/22/2016	308.0	9.2	0.4	153.2	28.8	10.6	0.4
1/23/2016	308.0	9.2	0.4	153.2	28.8	10.6	0.4
1/24/2016	308.0	9.2	0.4	153.2	28.8	10.6	0.4
1/25/2016	308.0	9.2	0.4	153.2	28.8	10.6	0.4
1/26/2016	308.0	9.2	0.4	153.2	28.8	10.6	0.4
1/27/2016	308.0	9.2	0.4	153.2	28.8	10.6	0.4
1/28/2016	308.0	9.2	0.4	153.2	28.8	10.6	0.4
1/29/2016	308.0	9.2	0.4	153.2	28.8	10.6	0.4
1/30/2016	308.0	9.2	0.4	153.2	28.8	10.6	0.4
1/31/2016	308.0	9.2	0.4	153.2	28.8	10.6	0.4
2/1/2016	308.0	9.2	0.4	153.2	28.8	10.6	0.4
2/2/2016	308.0	9.2	0.4	153.2	28.8	10.6	0.4
2/3/2016	308.0	9.2	0.4	153.2	28.8	10.6	0.4
2/4/2016	308.0	9.2	0.4	153.2	28.8	10.6	0.4
2/5/2016	308.0	9.2	0.4	153.2	28.8	10.6	0.4
2/6/2016	308.0	9.2	0.4	153.2	28.8	10.6	0.4
2/7/2016	308.0	9.2	0.4	153.2	28.8	10.6	0.4
2/8/2016	308.0	9.2	0.4	153.2	28.8	10.6	0.4
2/9/2016	308.0	9.2	0.4	153.2	28.8	10.6	0.4
2/10/2016	308.0	9.2	0.4	153.2	28.8	10.6	0.4
2/11/2016	308.0	9.2	0.4	153.2	28.8	10.6	0.4
2/12/2016	308.0	9.2	0.4	153.2	28.8	10.6	0.4
2/13/2016	308.0	9.2	0.4	153.2	28.8	10.6	0.4
2/14/2016	308.0	9.2	0.4	153.2	28.8	10.6	0.4
2/15/2016	308.0	9.2	0.4	153.2	28.8	10.6	0.4
2/16/2016	308.0	9.2	0.4	153.2	28.8	10.6	0.4
2/17/2016	308.0	9.2	0.4	153.2	28.8	10.6	0.4
2/18/2016	308.0	9.2	0.4	153.2	28.8	10.6	0.4
2/19/2016	86.0	7.0	0.3	153.2	28.8		
2/20/2016	86.0	7.0	0.3	153.2	28.8		
2/21/2016	86.0	7.0	0.3	153.2	28.8		
2/22/2016	86.0	7.0	0.3	153.2	28.8		
2/23/2016	86.0	7.0	0.3	153.2	28.8		
2/24/2016	86.0	7.0	0.3	153.2	28.8		
2/25/2016	86.0	7.0	0.3	153.2	28.8		
2/26/2016	86.0	7.0	0.3	153.2	28.8		
2/27/2016	86.0	7.0	0.3	153.2	28.8		
2/28/2016	86.0	7.0	0.3	153.2	28.8		
2/29/2016	86.0	7.0	0.3	153.2	28.8		
3/1/2016	86.0	7.0	0.3	153.2	28.8		
3/2/2016	86.0	7.0	0.3	153.2	28.8		
3/3/2016	86.0	7.0	0.3	153.2	28.8		
3/4/2016	86.0	7.0	0.3	153.2	28.8		
3/5/2016	51.0	5.7	0.3	153.2	28.8	10.8	0.7
3/6/2016	103.0	8.4	0.4	153.2	28.8		
3/7/2016	103.0	8.4	0.4	153.2	28.8		
3/8/2016	103.0	8.4	0.4	153.2	28.8		
3/9/2016	103.0	8.4	0.4	153.2	28.8		
3/10/2016	103.0	8.4	0.4	153.2	28.8		
3/11/2016	103.0	8.4	0.4	153.2	28.8		
3/12/2016	103.0	8.4	0.4	153.2	28.8		
3/13/2016	103.0	8.4	0.4	153.2	28.8		
3/14/2016	103.0	8.4	0.4	153.2	28.8		
3/15/2016	103.0	8.4	0.4	153.2	28.8		
3/16/2016	103.0	8.4	0.4	153.2	28.8		
3/17/2016	103.0	8.4	0.4	153.2	28.8		
3/18/2016	103.0	8.4	0.4	153.2	28.8		
3/19/2016	103.0	8.4	0.4	153.2	28.8		
3/20/2016	103.0	8.4	0.4	153.2	28.8		
3/21/2016	103.0	8.4	0.4	153.2	28.8		
3/22/2016	103.0	8.4	0.4	153.2	28.8		
3/23/2016	103.0	8.4	0.4	153.2	28.8		
3/24/2016	103.0	8.4	0.4	153.2	28.8		
3/25/2016	103.0	8.4	0.4	153.2	28.8		
3/26/2016	103.0	8.4	0.4	153.2	28.8		
3/27/2016	103.0	8.4	0.4	153.2	28.8		
3/28/2016	103.0	8.4	0.4	153.2	28.8		
3/29/2016	103.0	8.4	0.4	153.2	28.8		
3/30/2016	103.0	8.4	0.4	153.2	28.8		
3/31/2016	103.0	8.4	0.4	153.2	28.8		
4/1/2016	103.0	8.4	0.4	153.2	28.8		
4/2/2016	103.0	8.4	0.4	153.2	28.8		
4/3/2016	103.0	8.4	0.4	153.2	28.8		
4/4/2016	103.0	8.4	0.4	153.2	28.8		
4/5/2016	103.0	8.4	0.4	153.2	28.8		
4/6/2016	77.0	17.3	0.8	153.2	28.8		
4/7/2016	77.0	17.3	0.8	153.2	28.8		
4/8/2016	77.0	17.3	0.8	153.2	28.8		
4/9/2016	77.0	17.3	0.8	153.2	28.8		
4/10/2016	77.0	17.3	0.8	153.2	28.8		
4/11/2016	77.0	17.3	0.8	153.2	28.8		
4/12/2016	77.0	17.3	0.8	153.2	28.8		
4/13/2016	77.0	17.3	0.8	153.2	28.8		
4/14/2016	77.0	17.3	0.8	153.2	28.8		
4/15/2016	77.0	17.3	0.8	153.2	28.8		
4/16/2016	77.0	17.3	0.8	153.2	28.8		
4/17/2016	77.0	17.3	0.8	153.2	28.8		
4/18/2016	77.0	17.3	0.8	153.2	28.8		
4/19/2016	77.0	17.3	0.8	153.2	28.8		
4/20/2016	77.0	17.3	0.8	153.2	28.8		
4/21/2016	77.0	17.3	0.8	153.2	28.8		
4/22/2016	77.0	17.3	0.8	153.2	28.8		
4/23/2016	77.0	17.3	0.8	153.2	28.8		
4/24/2016	77.0	17.3	0.8	153.2	28.8		
4/25/2016	77.0	17.3	0.8	153.2	28.8		
4/26/2016	77.0	17.3	0.8	153.2	28.8		
4/27/2016	77.0	17.3	0.8	153.2	28.8		
4/28/2016	77.0	17.3	0.8	153.2	28.8		
4/29/2016	77.0	17.3	0.8	153.2	28.8		
4/30/2016	77.0	17.3	0.8	153.2	28.8		
5/1/2016	77.0	17.3	0.8	153.2	28.8		
5/2/2016	77.0	17.3	0.8	153.2	28.8		
5/3/2016	77.0	17.3	0.8	153.2	28.8		
5/4/2016	77.0	17.3	0.8	153.2	28.8		
5/5/2016	77.0	17.3	0.8	153.2	28.8		
5/6/2016	77.0	17.3	0.8	153.2	28.8		
5/7/2016	77.0	17.3	0.8	153.2	28.8		
5/8/2016	77.0	17.3	0.8	153.2	28.8		
5/9/2016	77.0	17.3	0.8	153.2	28.8		
5/10/2016	77.0	17.3	0.8	153.2	28.8		
5/11/2016	77.0	17.3	0.8	153.2	28.8		
5/12/2016	77.0	17.3	0.8	153.2	28.8		
5/13/2016	77.0	17.3	0.8	153.2	28.8		
5/14/2016	77.0	17.3	0.8	153.2	28.8		
5/15/2016	77.0	17.3	0.8	153.2	28.8		
5/16/2016	77.0	17.3	0.8	153.2	28.8		
5/17/2016	77.0	17.3	0.8	153.2	28.8		
5/18/2016	77.0	17.3	0.8	153.2	28.8		
5/19/2016	77.0	17.3	0.8	153.2	28.8		
5/20/2016	77.0	17.3	0.8	153.2	28.8		
5/21/2016	77.0	17.3	0.8	153.2	28.8		
5/22/2016	77.0	17.3	0.8	153.2	28.8		
5/23/2016							
5/24/2016							
5/25/2016							
5/26/2016							
5/27/2016							
5/28/2016							
5/29/2016							
5/30/2016							
5/31/2016							
6/1/2016							
6/2/2016							
6/3/2016							
6/4/2016							
6/5/2016							
6/6/2016							
6/7/2016							
6/8/2016							
6/9/2016							
6/10/2016							
6/11/2016							
6/12/2016							
6/13/2016							
6/14/2016							
6/15/2016							
6/16/2016							
6/17/2016							
6/18/2016							
6/19/2016							
6/20/2016							
6/21/2016							
6/22/2016							
6/23/2016							
6/24/2016							
6/25/2016							
6/26/2016							
6/27/2016							
6/28/2016							
6/29/2016							
6/30/2016							
7/1/2016							
7/2/2016							
7/3/2016							
7/4/2016							
7/5/2016							
7/6/2016							
7/7/2016							
7/8/2016							
7/9/2016							
7/10/2016							
7/11/2016							
7/12/2016							
7/13/2016							
7/14/2016							
7/15/2016							
7/16/2016							
7/17/2016							
7/18/2016							
7/19/2016							
7/20/2016							
7/21/2016							
7/22/2016							
7/23/2016							
7/24/2016							
7/25/2016							
7/26/2016							
7/27/2016							
7/28/2016							
7/29/2016							
7/30/2016							
7/31/2016							
8/1/2016							
8/2/2016							
8/3/2016							
8/4/2016							
8/5/2016							
8/6/2016							
8/7/2016							
8/8/2016							
8/9/2016							
8/10/2016							
8/11/2016							
8/12/2016							
8/13/2016							
8/14/2016							
8/15/2016							
8/16/2016							
8/17/2016							
8/18/2016							
8/19/2016							
8/20/2016							
8/21/2016							
8/22/2016							
8/23/2016							
8/24/2016							
8/25/2016							
8/26/2016							
8/27/2016							
8/28/2016							
8/29/2016							
8/30/2016							
8/31/2016							
9/1/2016							
9/2/2016							
9/3/2016							
9/4/2016							
9/5/2016							
9/6/2016							
9/7/2016							
9/8/2016							
9/9/2016							
9/10/2016							
9/11/2016							
9/12/2016							
9/13/2016							
9/14/2016							
9/15/2016							
9/16/2016							
9/17/2016							
9/18/2016							
9/19/2016							
9/20/2016							
9/21/2016							
9/22/2016							
9/23/2016							
9/24/2016							
9/25/2016							
9/26/2016							
9/27/2016							
9/28/2016							
9/29/2016							
9/30/2016							
10/1/2016				158.4	12.9	33.4	0.2
10/2/2016				158.4	12.9	33.4	0.2
10/3/2016				158.4	12.9	33.4	0.2
10/4/2016				158.4	12.9	33.4	0.2
10/5/2016				158.4	12.9	33.4	0.2
10/6/2016				158.4	12.9	33.4	0.2
10/7/2016				158.4	12.9	33.4	0.2
10/8/2016				158.4	12.9	33.4	0.2
10/9/2016				158.4	12.9	33.4	0.2
10/10/2016				158.4	12.9	33.4	0.2
10/11/2016				158.4	12.9	33.4	0.2
10/12/2016				158.4	12.9	33.4	0.2
10/13/2016				158.4	12.9	33.4	0.2
10/14/2016				158.4	12.9	33.4	0.2
10/15/2016				158.4	12.9	33.4	0.2
10/16/2016				158.4	12.9	33.4	0.2
10/17/2016				158.4	12.9	33.4	0.2
10/18/2016				158.4	12.9	33.4	0.2
10/19/2016				158.4	12.9	33.4	0.2
10/20/2016				158.4	12.9	33.4	0.2
10/21/2016				158.4	12.9	33.4	0.2
10/22/2016				158.4	12.9	33.4	0.2
10/23/2016				158.4	12.9	33.4	0.2
10/24/2016				158.4	12.9	33.4	0.2
10/25/2016				158.4	12.9	33.4	0.2
10/26/2016				158.4	12.9	33.4	0.2
10/27/2016				158.4	12.9	33.4	0.2
10/28/2016				158.4	12.9	33.4	0.2
10/29/2016				158.4	12.9	33.4	0.2
10/30/2016				158.4	12.9	33.4	0.2
10/31/2016				158.4	12.9	33.4	0.2
11/1/2016				158.4	12.9	33.4	0.2
11/2/2016				158.4	12.9	33.4	0.2
11/3/2016				158.4	12.9	33.4	0.2
11/4/2016				158.4	12.9	33.4	0.2
11/5/2016				158.4	12.9	33.4	0.2
11/6/2016				158.4	12.9	33.4	0.2
11/7/2016				158.4	12.9	33.4	0.2
11/8/2016				158.4	12.9	33.4	0.2
11/9/2016				158.4	12.9	33.4	0.2
							
